IAA,IEG,IPS,IDA,IPP,IPV,IAN,INDE,Defasagem
9.5,10.0,8.13,9.6,8.4375,8.92,10.0,9.31095,0
8.5,9.1,8.14,8.9,7.5,8.585,5.0,8.2212,-1
0.0,7.6,3.14,6.3,5.9375,6.26,10.0,5.92975,0
0.0,7.6,8.14,6.3,7.5,8.5,10.0,7.034,0
8.5,8.7,7.52,7.4,7.5,7.915,10.0,8.1552,0
0.0,8.3,8.76,8.6,7.5,8.415,10.0,7.679,0
9.0,8.6,8.76,8.9,7.5,8.415,10.0,8.6992,0
10.0,9.5,8.76,7.1,7.1875,8.67,10.0,8.63895,0
9.0,10.0,8.76,9.6,8.125,8.75,10.0,9.2587,0
0.0,8.5,8.76,1.5,5.0,5.165,5.0,4.909,-1
9.0,9.5,3.76,6.9,4.375,6.84,5.0,6.8617,-1
0.0,6.7,2.52,4.3,6.25,8.5,5.0,5.267,-2
8.5,9.7,7.52,7.0,6.25,8.67,5.0,7.8012,-2
0.0,8.2,7.52,4.8,6.25,6.67,5.0,5.811,-1
9.5,9.5,7.52,7.3,7.5,9.845,5.0,8.2712,-1
10.0,9.4,7.52,7.5,7.5,8.835,10.0,8.6492,0
9.5,9.5,7.52,6.9,5.0,7.5,5.0,7.4722,-1
0.0,9.5,2.52,8.1,5.0,7.34,5.0,6.24,-2
0.0,9.8,2.52,8.2,6.875,8.915,5.0,6.8225,-1
0.0,9.4,2.52,6.3,6.25,8.585,10.0,6.724,0
10.0,8.9,7.52,7.3,5.0,6.25,10.0,7.7322,0
9.0,8.6,2.52,4.7,3.75,4.16,10.0,6.0092,0
9.5,9.7,6.89,8.4,6.25,8.17,10.0,8.5082,0
9.0,9.7,4.39,8.8,6.875,8.66,10.0,8.4587,0
9.0,9.8,7.52,8.7,7.5,8.665,10.0,8.8252,0
8.5,9.4,7.52,8.1,7.5,9.0,10.0,8.6422,0
8.9,8.9,7.52,8.4,7.5,9.09,10.0,8.6718,0
9.0,10.0,7.52,8.8,7.5,8.83,10.0,8.9182,0
8.5,9.5,6.89,9.1,7.5,9.0,10.0,8.8092,0
0.0,9.1,2.52,8.3,6.25,8.16,10.0,6.989,0
9.5,9.5,6.89,7.5,7.5,7.995,5.0,7.8882,-1
9.0,8.1,7.52,6.5,6.875,5.84,10.0,7.4277,0
8.0,9.6,6.89,8.3,7.5,10.01,10.0,8.8112,0
8.5,9.0,7.52,8.5,7.5,9.01,5.0,8.1442,-1
9.5,10.0,7.52,9.3,7.5,10.01,5.0,8.8042,-1
9.5,9.9,7.52,9.4,7.5,10.01,5.0,8.8142,-1
9.0,9.8,6.89,9.1,7.5,10.01,5.0,8.6112,-2
9.5,9.5,7.52,6.8,6.875,9.5,10.0,8.5397,0
9.5,10.0,6.89,8.5,7.5,10.01,10.0,9.0912,0
10.0,9.4,6.89,8.5,7.5,10.01,10.0,9.0112,0
10.0,8.0,7.52,8.3,6.875,8.34,10.0,8.3577,0
0.0,7.9,6.26,7.3,6.5625,6.265,5.0,6.06525,-1
0.0,8.1,7.52,6.5,6.5625,3.32,5.0,5.48225,-1
9.0,8.5,3.77,7.9,5.625,8.01,5.0,7.2117,-1
9.0,9.8,3.77,9.4,8.125,10.01,5.0,8.4217,-1
10.0,9.8,3.77,9.5,7.5,9.34,10.0,8.8452,0
9.0,9.8,9.38,7.8,8.125,8.67,10.0,8.8947,0
9.5,8.2,3.77,6.0,5.625,8.67,10.0,7.4637,0
8.5,8.7,3.77,7.5,6.25,8.595,5.0,7.3112,-2
0.0,9.1,3.77,7.1,7.5,9.01,5.0,6.659,-2
0.0,7.8,3.77,8.3,5.625,8.18,5.0,6.2955,-2
10.0,9.3,2.52,3.9,5.3125,6.5,2.5,5.97345,-3
10.0,9.6,5.02,7.8,7.5,9.01,10.0,8.5242,0
8.4,7.5,2.52,6.6,5.625,6.01,5.0,6.1683,-1
7.9,9.1,2.52,7.6,5.0,5.84,5.0,6.5418,-2
9.0,9.3,7.52,6.4,7.8125,7.836666667,10.0,8.140783333,0
0.0,8.1,3.77,9.3,8.125,7.946666667,10.0,7.248833333,0
9.5,9.4,7.52,8.3,6.875,7.056666667,5.0,7.831033333,-1
10.0,10.0,5.63,9.3,7.5,7.833333333,5.0,8.239866667,-1
9.5,9.0,7.52,8.4,8.125,8.113333333,5.0,8.117366667,-1
7.5,9.2,7.52,8.6,7.5,6.95,10.0,8.1922,0
9.5,9.6,7.52,9.3,8.125,8.336666667,10.0,8.962033333,0
9.0,9.0,7.52,7.9,8.125,8.223333333,10.0,8.479366667,0
10.0,9.9,7.52,9.2,8.125,8.056666667,5.0,8.486033333,-2
0.0,9.8,7.52,9.2,8.125,8.28,5.0,7.5105,-1
0.0,8.8,7.52,8.9,8.75,8.17,10.0,7.801,0
7.9,8.3,3.14,7.8,5.625,5.68,5.0,6.5143,-2
9.5,9.6,6.27,6.7,6.875,8.085,5.0,7.6417,-2
9.0,6.7,2.52,3.4,5.3125,7.01,5.0,5.59545,-2
7.0,9.8,6.89,7.4,7.5,8.34,10.0,8.2372,0
9.5,8.8,2.52,8.0,7.5,9.34,5.0,7.6802,-1
9.0,8.3,7.52,7.6,6.25,8.25,5.0,7.5972,-1
0.0,8.7,7.52,9.1,6.875,8.925,5.0,7.2845,-2
7.0,9.4,7.52,6.3,5.625,7.175,5.0,7.0797,-1
9.0,7.8,4.39,7.3,6.875,8.08,5.0,7.1527,-2
9.5,9.0,4.38,8.2,7.5,8.59,5.0,7.7862,-1
0.0,7.2,7.52,6.9,7.5,9.84,5.0,6.78,-2
10.0,7.9,7.52,4.9,5.625,6.59,5.0,6.6927,-2
8.0,8.5,6.89,7.9,6.25,9.245,5.0,7.7432,-2
10.0,6.1,7.52,6.0,5.625,8.17,10.0,7.3687,0
10.0,9.2,7.52,8.7,6.25,8.67,10.0,8.6912,0
10.0,8.4,7.52,8.4,7.5,8.67,10.0,8.5962,0
9.5,9.7,2.52,6.6,6.25,9.005,5.0,7.3882,-1
0.0,7.2,2.52,7.0,6.25,6.35,10.0,5.987,0
10.0,8.7,2.52,7.7,5.625,7.01,10.0,7.4967,0
0.0,8.4,7.52,5.3,6.25,8.09,5.0,6.225,-1
9.0,6.3,7.52,6.1,5.625,6.35,10.0,6.9647,0
9.0,9.7,7.52,6.3,5.625,6.68,10.0,7.7407,0
8.5,9.7,3.14,8.4,7.5,10.01,10.0,8.5262,0
0.0,9.5,3.14,5.4,5.625,7.675,5.0,5.8915,-2
8.5,8.4,2.52,7.1,5.625,5.925,5.0,6.4497,-2
9.5,9.9,7.52,7.3,7.5,10.01,10.0,8.8842,0
0.0,7.6,7.52,7.5,7.5,10.01,5.0,7.024,-2
9.0,5.6,7.52,5.0,5.625,5.93,10.0,6.5207,0
9.0,8.9,7.52,5.4,5.625,5.595,10.0,7.1837,0
10.0,9.5,3.77,7.4,6.25,9.84,5.0,7.8402,-1
0.0,9.5,3.77,6.0,5.625,8.01,10.0,6.6415,0
9.5,9.7,7.52,7.8,6.25,9.84,5.0,8.2852,-1
9.5,9.9,3.77,7.2,6.25,7.68,5.0,7.3982,-2
0.0,9.6,7.52,7.3,5.625,8.255,10.0,7.3355,0
7.9,9.5,2.52,6.4,5.625,6.43,5.0,6.5623,-2
8.0,9.2,7.52,7.3,7.5,10.01,10.0,8.6042,0
10.0,9.9,3.14,6.1,5.625,6.265,5.0,6.8297,-2
9.5,6.9,4.39,5.1,5.625,7.095,5.0,6.2707,-2
9.5,5.3,7.52,5.9,5.625,7.095,5.0,6.4137,-2
9.0,10.0,3.77,6.8,7.5,9.51,5.0,7.7792,-1
9.0,9.7,3.77,6.4,7.5,9.255,5.0,7.5982,-1
8.5,10.0,7.52,9.8,8.75,9.67,10.0,9.3712,0
8.5,9.8,7.52,8.8,8.75,9.67,10.0,9.1312,0
9.0,8.8,7.52,9.0,8.75,9.0,10.0,8.8872,0
8.5,8.2,2.52,7.8,5.625,7.6,10.0,7.3747,0
9.5,7.9,7.52,7.5,8.125,9.0,10.0,8.3847,0
9.0,8.4,7.52,7.7,8.75,9.67,10.0,8.6712,0
9.0,9.6,7.52,8.7,9.375,9.67,10.0,9.1737,0
0.0,9.8,7.52,9.4,9.375,9.67,5.0,7.9535,-1
9.0,10.0,7.52,6.5,8.125,8.915,10.0,8.5477,0
9.5,9.6,7.52,9.2,9.375,9.67,10.0,9.3237,0
10.0,8.7,7.52,6.1,5.625,6.59,5.0,7.0927,-2
8.5,8.4,7.52,4.2,6.25,7.5,5.0,6.7372,-1
9.0,10.0,7.52,5.4,7.5,10.01,5.0,7.9742,-2
0.0,9.5,7.52,7.9,7.5,10.01,10.0,7.974,0
9.0,7.7,7.52,7.2,6.875,9.085,5.0,7.6267,-2
9.0,8.4,2.52,6.3,6.25,7.02,5.0,6.6112,-2
8.0,10.0,7.52,5.0,5.0,8.175,10.0,7.6872,0
9.5,8.9,2.52,7.1,5.625,7.0,5.0,6.8547,-2
9.5,9.4,7.52,8.0,7.5,9.925,10.0,8.9172,0
8.5,9.8,2.52,7.5,7.5,9.345,5.0,7.6812,-1
10.0,9.1,7.52,7.9,7.5,10.01,5.0,8.4042,-2
9.0,9.2,7.52,6.2,7.5,10.01,5.0,7.9842,-1
9.0,9.6,7.52,8.2,7.5,10.01,5.0,8.4642,-1
9.0,7.6,7.52,7.5,5.625,6.67,5.0,7.0687,-1
8.5,9.2,7.52,7.9,6.875,6.84,10.0,8.0777,0
9.5,9.4,7.52,9.3,7.5,7.0,10.0,8.5822,0
9.5,6.1,2.52,5.6,6.875,6.67,5.0,6.0537,-2
9.0,7.9,7.52,3.3,4.375,5.08,10.0,6.3457,0
9.0,7.6,7.52,0.0,6.875,8.34,10.0,6.5277,0
9.5,8.1,7.52,8.9,6.25,6.5,10.0,8.0172,0
9.0,10.0,7.52,9.3,7.5,8.17,10.0,8.8862,0
10.0,7.5,2.52,7.9,5.625,7.67,5.0,6.9287,-1
9.5,9.7,7.52,8.4,7.5,9.09,10.0,8.8902,0
10.0,9.3,3.77,8.0,7.8125,8.675,5.0,7.85345,-2
9.5,9.2,3.77,9.0,7.1875,8.425,10.0,8.37095,0
10.0,10.0,3.77,7.3,7.8125,8.34,5.0,7.77645,-1
7.4,8.8,3.14,8.3,6.5625,7.09,10.0,7.54005,0
0.0,8.3,3.14,7.7,7.1875,8.005,10.0,6.82375,0
9.5,8.8,3.14,8.3,8.75,8.675,5.0,7.7842,-2
9.0,8.8,3.14,7.8,6.875,7.09,5.0,7.1297,-2
8.0,9.4,3.77,8.3,7.8125,8.59,5.0,7.71645,-1
9.5,6.8,3.77,8.9,7.5,7.925,5.0,7.2922,-1
0.0,9.5,3.14,6.9,5.0,6.34,5.0,5.852,-1
9.5,9.7,7.52,9.1,7.5,10.01,5.0,8.7142,-2
10.0,9.0,7.52,7.3,5.625,8.425,5.0,7.7597,-1
8.0,7.5,7.52,7.8,7.5,9.345,5.0,7.7312,-2
9.0,9.8,7.52,5.9,5.625,8.34,5.0,7.5227,-1
10.0,9.3,7.52,9.1,7.5,9.925,10.0,9.1672,0
9.0,9.9,7.52,9.0,7.5,9.925,5.0,8.6672,-1
10.0,9.8,7.52,9.3,7.5,9.84,10.0,9.2902,0
10.0,9.5,7.52,9.2,7.5,10.01,5.0,8.7442,-1
0.0,9.2,3.14,7.9,6.875,9.0,5.0,6.7215,-2
9.0,9.6,7.52,9.3,7.5,10.01,5.0,8.6742,-2
10.0,9.6,7.52,7.7,6.875,8.84,10.0,8.6677,0
8.5,10.0,7.52,6.3,5.625,5.85,5.0,7.0847,-2
0.0,8.7,2.52,6.2,5.3125,8.665,5.0,5.99625,-1
9.0,9.2,7.52,8.7,7.5,10.01,5.0,8.4742,-1
0.0,9.1,7.52,6.8,6.25,7.175,5.0,6.492,-1
8.5,8.3,6.27,7.8,6.875,7.095,5.0,7.2937,-1
9.5,9.1,7.52,8.0,6.25,8.08,5.0,7.8632,-1
9.5,9.8,7.52,8.5,7.5,10.01,5.0,8.6142,-1
8.5,9.4,7.52,7.2,6.875,8.5,5.0,7.7997,-1
8.5,8.2,6.27,4.7,5.0,7.18,5.0,6.4832,-1
10.0,10.0,7.52,5.0,6.5625,7.675,5.0,7.44345,-1
9.5,8.0,7.52,6.5,5.625,7.35,5.0,7.1347,-2
9.0,9.7,7.52,8.3,7.5,10.01,5.0,8.4942,-1
9.5,9.1,7.52,5.8,6.875,8.33,10.0,8.0357,0
8.5,9.7,7.52,5.5,6.25,7.51,10.0,7.7692,0
8.5,8.1,7.52,9.4,9.375,9.84,10.0,8.9977,0
7.8,6.4,3.77,6.9,5.625,8.17,10.0,7.0169,0
9.0,9.1,3.77,6.0,6.875,7.84,10.0,7.5427,0
0.0,8.6,3.77,5.2,7.1875,7.415,5.0,5.82875,-1
9.0,9.1,3.77,8.8,7.5,9.34,10.0,8.4752,0
7.9,9.2,7.52,6.5,5.625,7.67,10.0,7.7803,0
9.5,9.2,6.27,8.6,5.9375,8.34,10.0,8.39895,0
8.5,7.4,5.02,5.8,5.625,8.085,10.0,7.1717,0
9.0,9.8,3.77,8.6,5.625,9.34,10.0,8.3877,0
9.5,9.6,6.27,6.0,5.625,9.51,10.0,8.1617,0
0.0,9.8,5.02,6.3,5.625,9.34,10.0,7.1425,0
10.0,10.0,2.52,8.7,7.5,9.755,5.0,8.1932,-1
9.5,9.1,2.52,5.8,5.625,9.01,10.0,7.5367,0
0.0,9.1,2.52,8.6,5.625,8.835,10.0,7.1215,0
8.5,9.9,2.52,8.8,6.25,9.415,10.0,8.3502,0
8.0,9.8,7.52,8.3,6.875,9.84,10.0,8.8177,0
9.0,9.3,2.52,6.8,5.625,8.5,10.0,7.6247,0
9.5,9.1,2.52,8.3,5.625,8.83,10.0,8.0107,0
0.0,9.8,6.27,7.3,6.875,9.76,10.0,7.6765,0
7.9,8.1,7.52,8.5,6.25,9.84,5.0,7.9568,-1
9.5,8.1,2.52,8.3,7.5,10.01,5.0,7.7242,-1
10.0,8.2,10.0,8.7,6.875,9.84,5.0,8.5257,-1
0.0,8.5,7.52,7.8,7.5,10.01,5.0,7.254,-1
10.0,9.1,3.14,7.7,6.875,9.585,5.0,7.7687,-1
9.5,8.2,3.14,8.0,5.0,8.84,5.0,7.2722,-2
9.5,8.4,3.14,4.6,6.875,6.16,5.0,6.2737,-2
9.5,9.8,3.77,8.6,7.5,10.01,10.0,8.7592,0
7.9,8.5,3.77,5.2,5.0,8.67,5.0,6.6328,-1
9.5,9.4,3.77,6.0,5.625,7.265,10.0,7.4127,0
9.5,7.9,3.77,5.1,6.25,7.18,5.0,6.4782,-2
10.0,9.2,3.77,8.6,7.5,10.01,5.0,8.1892,-1
7.5,8.7,3.77,7.1,5.625,8.595,10.0,7.5687,0
9.5,9.3,3.77,7.9,7.5,9.84,5.0,7.9752,-2
9.0,9.4,3.77,8.3,7.5,9.84,5.0,8.0352,-1
9.5,7.7,3.14,3.4,4.375,6.32,5.0,5.6857,-2
0.0,8.3,3.77,5.9,6.875,8.92,10.0,6.6785,0
0.0,8.8,3.14,8.2,6.25,8.585,10.0,7.056,0
8.5,9.4,3.77,7.0,6.25,8.92,10.0,7.9162,0
0.0,8.9,3.14,8.3,6.25,9.505,5.0,6.78,-1
9.0,9.1,7.52,7.8,7.5,9.17,5.0,8.1162,-1
9.0,9.7,7.52,7.0,6.25,8.92,5.0,7.9012,-1
9.0,8.5,7.52,4.0,7.5,8.75,10.0,7.6522,0
8.0,8.5,7.52,8.7,6.875,7.835,10.0,8.2467,0
9.0,9.6,7.52,7.9,6.875,7.42,10.0,8.3137,0
9.5,7.9,7.52,8.8,7.5,8.165,10.0,8.4252,0
9.0,9.3,7.52,8.7,7.5,8.0,10.0,8.5922,0
0.0,8.3,6.89,8.8,7.5,8.165,5.0,6.982,-2
9.0,7.4,7.52,8.3,7.5,7.68,10.0,8.0782,0
9.0,8.6,7.52,8.4,5.9375,7.5,10.0,8.13595,0
8.0,9.1,3.77,8.6,6.5625,7.01,5.0,7.26545,-1
0.0,9.0,3.77,8.8,7.5,7.84,10.0,7.245,0
9.5,10.0,3.77,9.4,7.8125,8.59,10.0,8.70645,0
9.5,8.6,3.77,5.2,7.1875,7.675,10.0,7.33095,0
10.0,9.9,3.77,6.6,7.1875,7.845,10.0,7.96495,0
9.0,9.6,4.39,8.3,5.625,5.76,10.0,7.6237,0
9.0,9.7,3.77,8.2,7.5,8.255,10.0,8.2582,0
10.0,9.3,6.27,6.3,7.34375,7.786666667,5.0,7.538908333,-1
8.5,8.0,7.52,6.9,7.34375,7.446666667,5.0,7.305908333,-1
8.0,9.0,7.52,6.9,7.5,8.226666667,5.0,7.617533333,-1
10.0,9.5,7.52,6.7,7.34375,7.73,5.0,7.762575,-1
0.0,8.0,5.02,7.7,7.5,8.116666667,5.0,6.505333333,-1
8.5,9.3,7.52,8.6,7.5,8.06,5.0,8.0442,-1
0.0,8.5,5.02,6.3,7.5,8.06,10.0,6.824,0
0.0,9.4,5.02,6.7,7.5,8.503333333,10.0,7.172666667,0
7.5,9.1,5.02,4.3,6.875,7.836666667,10.0,7.177033333,1
7.9,7.5,2.52,5.5,5.0,5.896666667,5.0,5.823133333,-1
10.0,9.1,2.52,6.1,7.1875,8.056666667,10.0,7.612283333,0
8.0,9.2,3.77,3.3,7.1875,7.893333333,10.0,6.964616667,0
8.5,8.5,3.77,4.7,7.1875,7.893333333,10.0,7.164616667,0
10.0,10.0,6.27,9.1,8.75,9.06,10.0,9.1342,0
8.5,8.3,3.77,6.0,5.78125,6.173333333,5.0,6.389991667,-1
10.0,9.7,7.52,7.9,7.96875,8.336666667,5.0,8.226408333,-1
8.0,8.8,6.27,7.3,7.65625,8.336666667,5.0,7.570158333,-1
0.0,10.0,6.27,9.8,9.21875,8.95,5.0,7.788875,-1
8.5,9.8,7.52,8.0,7.96875,8.95,10.0,8.749075,0
8.5,8.9,7.52,7.5,7.65625,7.836666667,10.0,8.215158333,0
0.0,9.1,7.52,6.4,6.875,7.78,5.0,6.5855,-1
8.5,9.8,7.52,3.2,6.40625,7.06,2.5,6.494825,-3
8.5,9.9,2.52,5.7,7.1875,8.113333333,10.0,7.553616667,0
9.0,9.3,7.52,5.8,7.5,7.613333333,5.0,7.434866667,-1
8.0,8.3,7.52,7.9,7.5,8.836666667,10.0,8.299533333,0
9.5,9.7,7.52,6.0,7.5,8.333333333,5.0,7.748866667,-1
8.0,9.6,7.52,6.8,5.78125,6.893333333,5.0,7.278991667,-2
0.0,9.2,7.52,5.0,7.34375,7.946666667,5.0,6.415708333,-1
8.5,9.0,7.52,8.0,7.5,8.56,5.0,7.9642,-1
10.0,6.3,3.77,5.4,7.5,8.006666667,10.0,7.058533333,0
8.5,9.7,3.77,6.9,6.875,8.39,5.0,7.4027,-1
7.5,9.2,7.52,8.3,7.083333333,8.45,5.0,7.890533333,-1
7.0,8.4,7.52,8.9,8.541666667,9.396666667,5.0,8.1357,-1
7.4,7.7,7.52,4.6,6.666666667,7.39,5.0,6.588466667,-1
9.0,9.1,7.52,6.5,7.5,7.78,5.0,7.5682,-1
8.0,8.8,7.52,5.9,6.666666667,7.006666667,5.0,7.0602,-1
8.5,9.5,7.52,6.0,7.291666667,7.563333333,5.0,7.434033333,-1
9.0,8.9,7.52,7.9,8.125,9.006666667,5.0,8.126033333,-1
7.5,9.0,7.52,8.3,8.333333333,8.393333333,5.0,7.9642,-1
0.0,8.3,7.52,5.8,7.708333333,7.78,10.0,6.888833333,0
10.0,8.7,5.02,7.8,9.53125,8.67,5.0,7.979325,-1
9.5,10.0,7.52,6.8,8.4375,8.67,10.0,8.62995,0
7.9,7.4,7.52,8.9,9.0625,8.28,5.0,7.85605,-1
8.0,9.3,7.52,6.0,8.4375,8.336666667,10.0,8.123283333,0
0.0,9.6,3.77,8.0,9.0625,8.336666667,5.0,6.970583333,-1
9.0,8.4,7.52,6.7,8.59375,8.17,5.0,7.655575,-1
9.0,9.3,5.02,8.0,9.21875,8.503333333,5.0,7.984741667,-1
8.0,9.3,7.52,6.5,8.90625,8.17,5.0,7.736825,-1
8.0,9.9,7.52,6.2,8.125,8.056666667,5.0,7.686033333,-2
10.0,9.3,7.52,6.6,7.8125,8.06,5.0,7.81545,-1
10.0,7.2,7.52,3.3,7.8125,8.003333333,5.0,6.724116667,-1
10.0,8.7,7.52,6.2,8.333333333,8.893333333,10.0,8.3342,0
9.0,9.3,7.52,7.0,7.916666667,7.836666667,10.0,8.2712,0
9.0,9.9,7.52,7.4,7.708333333,8.223333333,5.0,8.0177,-1
0.0,9.9,3.77,7.9,7.083333333,8.166666667,5.0,6.768666667,-1
0.0,6.5,3.77,4.3,7.708333333,7.666666667,5.0,5.331166667,-1
8.0,9.6,3.77,7.5,6.875,8.166666667,5.0,7.408033333,-1
8.5,9.5,6.27,6.7,7.708333333,8.11,5.0,7.600033333,-1
10.0,7.9,6.27,2.5,7.708333333,7.833333333,5.0,6.5447,-1
9.0,8.7,3.77,5.6,6.875,7.443333333,5.0,6.813366667,-1
8.0,9.7,7.52,6.1,7.5,8.336666667,5.0,7.629533333,-1
9.5,9.3,3.77,7.0,8.125,8.893333333,5.0,7.668366667,-1
0.0,8.5,7.52,5.9,8.125,8.446666667,5.0,6.633833333,-1
9.5,9.1,3.77,7.8,7.916666667,8.39,10.0,8.166866667,0
8.5,9.5,7.52,8.4,8.125,8.443333333,10.0,8.683366667,0
0.0,8.0,3.77,7.2,6.875,7.113333333,10.0,6.517166667,0
9.5,9.4,7.52,7.9,7.708333333,8.28,5.0,8.089033333,-1
9.0,6.0,2.52,5.6,7.916666667,8.166666667,5.0,6.3972,-2
0.0,8.5,3.77,6.3,8.541666667,8.223333333,10.0,6.835833333,0
10.0,8.5,3.77,6.9,8.125,7.893333333,10.0,7.848366667,0
8.5,7.3,3.77,5.9,8.125,8.056666667,5.0,6.781033333,-1
8.5,9.5,3.77,8.2,8.541666667,8.5,5.0,7.811366667,-1
10.0,7.7,7.52,6.3,8.125,7.943333333,5.0,7.443366667,-1
9.0,9.2,6.27,7.2,8.125,8.223333333,5.0,7.764366667,-1
8.5,8.9,6.27,8.4,8.75,8.613333333,10.0,8.534866667,0
0.0,9.8,3.77,6.5,7.916666667,7.946666667,5.0,6.518,-1
0.0,9.0,7.52,5.3,7.916666667,7.833333333,10.0,6.960333333,0
8.5,9.8,7.52,9.0,8.75,8.67,5.0,8.4712,-1
8.0,9.8,7.52,7.9,6.458333333,7.393333333,5.0,7.7167,-1
0.0,9.0,7.52,8.1,8.333333333,8.393333333,5.0,7.184,-1
9.5,9.0,3.77,6.5,7.083333333,7.113333333,5.0,7.0582,-1
9.5,5.6,3.14,6.7,7.5,6.836666667,5.0,6.331533333,-2
9.5,8.1,5.02,6.4,6.875,7.5,5.0,7.0297,-1
7.5,7.5,5.02,3.6,6.875,7.393333333,5.0,6.138366667,-1
9.0,7.9,3.77,5.0,7.291666667,7.616666667,5.0,6.6097,-2
0.0,8.0,3.14,7.4,7.5,7.223333333,5.0,6.078666667,-2
9.5,7.8,7.52,7.5,7.291666667,7.783333333,10.0,8.048033333,0
10.0,8.2,3.77,7.4,6.875,7.673333333,5.0,7.219366667,-1
0.0,9.1,6.27,8.6,8.958333333,8.616666667,10.0,7.776166667,0
8.5,7.6,3.14,6.8,7.5,7.45,5.0,6.7742,-1
0.0,5.6,3.14,6.4,6.666666667,6.89,5.0,5.248666667,-2
8.5,8.6,7.52,6.6,7.5,7.836666667,5.0,7.459533333,-2
0.0,7.2,7.52,5.5,7.291666667,7.276666667,5.0,5.9765,-1
10.0,9.6,7.52,8.5,9.0625,8.56,5.0,8.49045,-1
9.0,9.2,7.52,8.6,8.90625,8.39,5.0,8.270825,-1
0.0,7.0,7.52,3.5,7.8125,7.223333333,5.0,5.567916667,-1
8.5,8.4,7.52,7.2,8.28125,8.056666667,5.0,7.651658333,-1
8.5,9.6,7.52,8.1,7.96875,8.113333333,10.0,8.551741667,0
0.0,8.1,7.52,5.3,7.8125,7.723333333,5.0,6.247916667,-2
9.0,10.0,7.52,8.7,9.0625,8.336666667,10.0,8.955783333,0
10.0,9.1,3.14,5.8,7.8125,7.67,5.0,7.09945,-2
8.5,7.9,7.52,8.2,8.90625,8.62,5.0,7.926825,-1
9.5,8.9,7.52,9.4,8.28125,8.45,5.0,8.370325,-2
8.5,8.5,7.52,6.0,7.65625,8.223333333,5.0,7.402491667,-1
10.0,8.7,4.39,8.7,9.21875,8.336666667,5.0,8.008408333,-1
8.0,7.5,7.52,6.8,7.96875,8.17,5.0,7.333075,-1
10.0,7.5,7.52,6.2,7.96875,8.113333333,5.0,7.401741667,-1
7.9,9.8,2.52,6.9,7.65625,8.283333333,10.0,7.806091667,0
10.0,9.5,7.52,7.3,8.125,8.783333333,5.0,8.171366667,-1
9.0,8.5,7.52,8.8,7.916666667,8.67,5.0,8.137866667,-1
8.5,7.0,7.52,2.7,6.458333333,6.72,5.0,6.032033333,-1
0.0,8.1,7.52,7.4,7.083333333,8.286666667,5.0,6.707666667,-2
6.9,7.4,7.52,7.0,6.666666667,7.393333333,5.0,6.969133333,-1
9.0,9.6,7.52,8.0,7.916666667,8.116666667,5.0,8.0872,-1
9.0,9.7,7.52,8.4,8.333333333,8.12,5.0,8.219533333,-1
10.0,10.0,7.52,6.3,8.125,8.34,10.0,8.4827,0
10.0,9.4,7.52,7.5,7.916666667,7.95,5.0,8.013866667,-1
10.0,9.5,7.52,8.5,7.708333333,8.283333333,5.0,8.2697,-1
8.5,7.1,6.27,5.8,6.875,7.336666667,5.0,6.702033333,-1
0.0,9.0,7.52,6.9,7.708333333,8.116666667,5.0,6.816166667,-1
10.0,8.3,7.52,6.3,7.291666667,7.446666667,5.0,7.3807,-1
10.0,8.7,3.14,5.4,7.083333333,7.62,10.0,7.356533333,0
10.0,8.0,3.14,3.1,6.041666667,6.94,5.0,6.026366667,-1
7.9,8.1,3.14,8.1,8.28125,8.73,5.0,7.419925,-1
10.0,9.8,2.52,7.6,7.96875,8.673333333,5.0,7.763741667,-1
9.0,9.7,3.77,9.7,9.0625,9.286666667,5.0,8.410783333,-1
9.0,8.6,3.14,5.7,7.96875,8.673333333,5.0,7.095741667,-1
9.5,4.9,2.52,5.2,8.28125,8.226666667,5.0,6.185658333,-1
9.0,9.4,3.14,8.4,9.21875,9.23,10.0,8.532075,0
9.5,9.7,3.14,9.3,8.75,8.836666667,5.0,8.196533333,-1
7.4,7.7,3.77,6.2,8.59375,8.503333333,10.0,7.448841667,0
10.0,9.7,3.14,7.6,8.28125,8.616666667,5.0,7.815658333,-1
10.0,9.5,3.77,7.4,8.4375,8.56,5.0,7.81295,-1
9.0,8.6,3.77,5.7,8.28125,8.673333333,5.0,7.199991667,-1
9.5,9.9,7.52,6.4,7.65625,9.23,5.0,8.073825,-1
0.0,9.3,7.52,6.3,8.28125,8.84,10.0,7.468125,0
9.5,9.5,7.52,5.9,6.40625,7.89,5.0,7.490825,-1
0.0,9.2,7.52,7.8,8.28125,8.56,10.0,7.682125,0
8.5,9.8,7.52,8.6,9.375,8.84,5.0,8.4777,-1
8.5,9.6,7.52,7.0,8.4375,8.84,5.0,8.03395,-1
0.0,7.2,7.52,4.8,6.875,8.003333333,5.0,5.930166667,-2
7.5,9.8,7.52,7.9,8.4375,9.116666667,5.0,8.209283333,-1
8.5,6.6,7.52,6.2,8.4375,8.783333333,5.0,7.262616667,-1
0.0,7.9,7.52,5.4,8.28125,9.006666667,5.0,6.541458333,-1
9.0,9.9,6.27,9.2,9.6875,9.283333333,5.0,8.662616667,-1
8.5,9.6,2.52,6.4,8.125,8.67,5.0,7.3387,-1
8.5,9.3,6.89,9.0,9.166666667,9.283333333,5.0,8.472533333,-1
9.0,9.8,6.27,5.5,7.083333333,8.336666667,5.0,7.462866667,-1
9.0,7.8,7.52,7.1,8.125,8.226666667,5.0,7.590033333,-1
8.5,8.6,7.52,7.5,6.041666667,7.233333333,5.0,7.373033333,-1
7.3,8.7,6.27,5.2,7.708333333,8.446666667,5.0,7.100566667,-1
9.5,9.6,6.89,8.2,8.333333333,9.226666667,5.0,8.367866667,-1
9.0,9.4,6.89,7.0,8.125,8.446666667,5.0,7.871033333,-1
7.5,9.8,7.52,8.9,9.583333333,9.283333333,5.0,8.5572,-1
0.0,7.3,7.52,4.9,7.291666667,8.446666667,5.0,6.1105,-2
8.0,8.5,7.52,6.9,5.833333333,7.836666667,10.0,7.782866667,0
9.5,8.2,7.52,7.1,6.041666667,7.613333333,5.0,7.389033333,-1
0.0,8.3,7.52,9.5,8.541666667,8.893333333,10.0,7.944833333,0
9.0,7.8,3.14,5.8,7.708333333,8.67,5.0,6.939033333,-1
9.5,8.4,7.52,3.9,8.125,8.06,10.0,7.5867,0
0.0,8.3,5.64,9.0,8.333333333,7.446666667,5.0,6.836666667,-1
9.0,8.1,7.52,6.1,6.458333333,6.95,5.0,7.018033333,-1
9.5,9.6,5.64,8.3,8.333333333,8.17,5.0,8.061533333,-1
0.0,8.6,5.02,6.5,6.875,7.063333333,5.0,6.122166667,-1
8.0,9.5,7.52,8.5,8.333333333,8.17,5.0,8.109533333,-1
9.0,9.4,7.52,6.5,8.333333333,7.946666667,5.0,7.754866667,-1
0.0,7.5,7.52,7.6,6.875,7.12,10.0,6.8735,0
8.0,9.3,7.52,9.4,8.333333333,7.506666667,5.0,8.126866667,-1
9.0,8.6,7.52,3.5,5.625,6.396666667,5.0,6.414033333,-1
9.5,8.8,6.89,5.4,8.125,7.89,10.0,7.8597,0
10.0,8.4,7.52,6.2,8.125,7.613333333,10.0,7.997366667,1
10.0,8.6,6.27,6.9,5.833333333,7.173333333,5.0,7.2352,-1
9.0,8.5,6.27,7.3,8.125,8.116666667,5.0,7.613033333,-1
9.0,10.0,2.52,9.7,9.791666667,9.6375,10.0,8.988866667,0
9.5,9.6,2.52,6.0,8.541666667,8.84,10.0,7.934366667,0
9.0,8.6,5.0,6.7,8.125,8.7125,10.0,8.0152,0
8.0,9.3,2.52,5.9,8.333333333,9.17,10.0,7.759533333,0
0.0,8.8,2.52,6.2,8.333333333,9.045,5.0,6.384333333,-1
6.9,9.0,2.52,6.8,7.708333333,8.71,5.0,7.116633333,-1
0.0,7.1,5.0,8.3,7.916666667,8.71,5.0,6.603666667,-1
5.3,8.7,2.52,3.5,6.25,6.885,5.0,5.7191,-2
0.0,9.8,2.52,6.0,7.083333333,7.8775,5.0,6.195833333,-1
8.4,6.4,2.52,6.2,7.5,8.7525,10.0,7.1043,0
0.0,9.6,5.0,5.5,7.708333333,9.0025,5.0,6.591333333,-1
9.0,10.0,2.52,9.7,9.791666667,9.7625,10.0,9.013866667,0
9.5,9.7,2.52,7.5,8.541666667,9.0075,10.0,8.297866667,0
8.5,9.9,5.0,9.5,9.166666667,9.26,10.0,8.988866667,0
9.0,9.7,2.52,8.5,8.333333333,8.8775,5.0,7.901033333,-1
7.9,7.9,2.52,5.8,8.541666667,9.0075,10.0,7.429466667,0
9.5,9.6,2.52,5.0,7.708333333,8.3375,10.0,7.560533333,0
0.0,9.7,2.52,7.3,8.75,8.4225,10.0,7.2115,0
6.4,7.5,2.52,3.6,5.416666667,6.8,5.0,5.515466667,-1
6.4,8.6,2.52,7.5,8.333333333,8.6725,10.0,7.671633333,0
9.0,8.4,2.52,7.4,8.541666667,8.755,5.0,7.417366667,-1
5.3,6.8,2.52,6.4,8.958333333,8.2975,5.0,6.472333333,-2
0.0,9.6,2.52,8.9,9.166666667,8.505,5.0,7.059666667,-1
9.0,8.1,2.52,7.6,7.083333333,7.13,5.0,6.916533333,-1
7.9,10.0,5.0,1.5,8.541666667,8.13,5.0,6.571966667,-1
10.0,10.0,2.52,6.5,8.958333333,8.59,5.0,7.666033333,-2
9.5,9.5,2.52,5.0,8.75,8.4225,5.0,7.1617,-1
6.8,10.0,5.0,7.5,8.75,8.38,10.0,8.2345,0
9.5,10.0,2.52,7.7,8.75,8.59,10.0,8.3252,0
8.4,10.0,2.52,6.8,8.75,8.38,10.0,7.9948,0
10.0,9.8,2.52,9.3,8.75,8.7175,10.0,8.6807,0
10.0,8.7,2.52,4.4,8.541666667,8.0075,5.0,6.817866667,-1
0.0,9.8,2.52,6.7,8.958333333,8.13,5.0,6.563833333,-1
8.5,9.4,2.52,5.7,8.75,8.755,5.0,7.2382,-1
10.0,9.5,2.52,5.4,8.75,8.0475,5.0,7.2067,-1
8.5,8.1,2.52,8.6,8.958333333,8.84,5.0,7.606033333,-1
7.9,10.0,2.52,6.6,8.75,8.2975,10.0,7.8883,0
9.5,10.0,2.52,7.9,8.958333333,8.7975,10.0,8.427533333,0
9.5,9.8,2.52,6.8,8.75,7.9225,5.0,7.4717,-1
9.0,9.5,2.52,7.0,8.75,8.3375,10.0,7.9947,0
9.0,9.6,2.52,9.0,8.958333333,7.88,5.0,7.844033333,-1
9.5,10.0,2.52,8.7,8.75,8.255,10.0,8.4682,0
8.5,9.0,2.52,9.5,8.958333333,9.1725,5.0,8.032533333,-1
7.8,9.8,2.52,6.9,8.75,8.2975,5.0,7.41,-1
7.0,9.3,2.52,9.2,8.958333333,8.2975,10.0,8.197533333,0
7.8,9.5,2.52,8.5,8.75,8.3375,10.0,8.1779,0
0.0,9.8,2.52,5.3,8.75,8.005,5.0,6.238,-1
5.8,9.0,2.52,8.4,8.125,7.5875,10.0,7.6354,0
10.0,9.7,2.52,9.0,8.958333333,7.92,5.0,7.972033333,-1
4.1,9.0,2.52,6.6,6.875,6.7125,5.0,6.3104,-1
0.0,7.1,5.0,5.6,8.125,7.0025,10.0,6.243,0
8.5,8.5,5.0,6.7,8.125,6.9175,10.0,7.5762,0
10.0,8.8,5.0,5.7,7.708333333,7.46,10.0,7.653033333,0
6.4,9.2,2.52,8.9,8.333333333,7.42,5.0,7.331133333,-1
9.5,9.9,2.52,9.6,8.958333333,8.0875,10.0,8.615533333,0
9.5,9.8,5.0,8.8,8.75,7.7525,5.0,8.0957,-1
9.0,8.5,5.0,8.2,8.75,7.92,5.0,7.6892,-1
0.0,8.1,2.52,5.4,8.125,7.92,5.0,5.8385,-1
9.5,8.6,5.0,5.4,8.125,6.96,5.0,6.9547,-2
9.5,9.5,2.52,6.4,8.125,7.92,5.0,7.2787,-1
9.5,8.1,5.0,8.5,8.958333333,7.92,5.0,7.750033333,-1
9.0,9.6,2.52,5.2,8.333333333,8.34,5.0,7.113533333,-1
10.0,9.2,5.0,7.1,8.541666667,8.283333333,10.0,8.261033333,0
0.0,7.2,5.0,5.3,8.333333333,8.116666667,10.0,6.446666667,0
9.5,9.5,5.0,7.5,7.708333333,7.56,10.0,8.123033333,0
0.0,9.9,2.52,6.8,8.541666667,8.673333333,5.0,6.680833333,-1
9.0,8.7,5.0,5.0,8.333333333,8.006666667,10.0,7.574866667,0
9.5,8.6,2.52,8.5,9.166666667,8.84,5.0,7.796866667,-1
8.5,8.8,5.0,7.1,8.958333333,8.95,10.0,8.216033333,0
6.9,8.2,5.0,8.1,7.916666667,8.173333333,10.0,7.878133333,0
10.0,4.1,5.0,4.0,8.541666667,7.726666667,5.0,6.0197,-1
0.0,9.9,5.0,7.9,8.541666667,8.283333333,5.0,7.070833333,-1
8.5,9.6,2.52,5.9,7.916666667,8.226666667,5.0,7.1392,-1
9.0,9.4,5.0,5.6,8.125,8.95,10.0,8.0027,0
0.0,9.1,2.52,6.2,8.75,8.95,5.0,6.467,-1
9.0,9.1,2.52,7.4,8.333333333,8.283333333,5.0,7.4322,-1
7.4,8.6,2.52,4.7,7.916666667,7.39,5.0,6.413466667,-1
10.0,9.9,2.52,8.7,8.958333333,8.953333333,10.0,8.6587,0
10.0,9.4,5.0,7.4,8.958333333,8.506666667,5.0,7.947366667,-1
5.7,10.0,2.52,6.4,8.541666667,9.063333333,5.0,7.265533333,-1
6.4,9.7,2.52,6.2,8.75,8.726666667,10.0,7.684133333,0
9.5,9.8,5.0,6.6,8.541666667,8.45,5.0,7.774366667,-1
10.0,8.6,2.52,5.4,8.541666667,8.393333333,5.0,7.075033333,-1
9.0,8.8,2.52,8.4,8.958333333,8.673333333,5.0,7.7227,-1
7.4,8.1,2.52,3.9,6.25,6.946666667,5.0,5.898133333,-1
0.0,9.7,2.52,8.4,8.75,7.84,5.0,6.805,-1
0.0,9.0,2.52,6.0,8.125,8.673333333,5.0,6.299166667,-1
0.0,7.2,2.52,5.7,8.75,9.173333333,5.0,6.031666667,-1
10.0,8.2,5.0,8.9,9.375,9.62,10.0,8.7717,0
8.5,9.3,5.0,5.1,8.333333333,8.003333333,5.0,7.1642,-1
7.8,9.4,5.0,6.0,6.458333333,6.78,2.5,6.615333333,-3
0.0,8.4,2.52,4.0,5.0,6.0,5.0,4.932,-1
9.0,9.4,5.0,7.5,8.958333333,8.783333333,5.0,7.9327,-1
0.0,9.3,5.0,4.7,8.541666667,8.283333333,5.0,6.310833333,-1
9.5,9.7,5.0,6.3,8.75,9.006666667,5.0,7.816533333,-1
7.8,9.8,2.52,6.5,8.75,9.006666667,10.0,7.971833333,0
8.5,9.6,2.52,7.2,9.166666667,9.396666667,5.0,7.7482,-1
10.0,6.4,5.0,3.4,7.5,7.836666667,5.0,6.277533333,-2
0.0,8.2,2.52,8.2,8.75,8.95,5.0,6.687,-1
4.6,9.2,5.0,6.8,8.541666667,8.73,5.0,7.248566667,-1
7.0,7.9,5.0,7.6,8.125,8.01,2.5,6.9647,-3
0.0,8.5,2.52,8.7,8.541666667,8.893333333,5.0,6.824833333,-1
0.0,8.9,2.52,5.4,8.125,8.173333333,10.0,6.559166667,0
9.5,7.9,2.52,6.3,8.333333333,8.616666667,5.0,7.088866667,-1
8.0,8.6,2.52,9.2,8.958333333,9.566666667,5.0,7.911366667,-1
8.5,9.6,7.52,8.7,8.75,8.23,5.0,8.2832,-1
9.0,9.4,7.52,6.3,8.333333333,8.616666667,5.0,7.838866667,-1
9.5,9.0,2.52,5.8,8.333333333,8.56,10.0,7.697533333,0
8.0,10.0,2.52,8.4,8.333333333,9.343333333,10.0,8.4242,0
0.0,6.0,7.52,5.0,7.5,7.173333333,5.0,5.636666667,-1
7.9,8.9,2.52,6.3,7.291666667,7.503333333,5.0,6.803633333,-1
10.0,9.5,2.52,8.5,8.333333333,9.286666667,10.0,8.532866667,0
8.5,9.8,2.52,4.9,8.125,8.56,10.0,7.5667,0
4.0,8.1,2.52,7.3,7.083333333,7.116666667,5.0,6.363666667,-1
0.0,8.3,7.52,4.0,7.5,7.56,10.0,6.474,0
9.5,9.2,5.0,4.9,7.083333333,7.39,5.0,6.956533333,-1
9.0,9.3,7.52,7.5,8.125,8.616666667,10.0,8.548033333,0
9.0,9.5,7.52,6.8,7.291666667,7.84,5.0,7.709366667,-1
6.3,6.3,7.52,3.4,6.875,7.616666667,5.0,6.017933333,-1
9.0,9.6,7.52,7.3,7.708333333,7.946666667,10.0,8.382366667,0
5.3,8.8,7.52,6.0,7.708333333,8.28,5.0,7.163833333,-1
10.0,10.0,2.52,7.0,8.541666667,8.896666667,10.0,8.2857,0
8.4,9.5,2.52,8.0,7.916666667,8.73,5.0,7.621466667,-1
9.5,7.6,6.89,4.5,6.25,7.056666667,5.0,6.595533333,-2
0.0,8.8,7.52,6.3,7.083333333,7.84,5.0,6.548333333,-1
7.9,8.3,5.02,6.0,6.875,6.89,5.0,6.7093,-1
6.3,9.7,3.77,6.5,7.291666667,8.34,10.0,7.647666667,0
7.5,9.3,2.52,7.8,7.916666667,8.843333333,5.0,7.482533333,-1
7.3,9.7,3.77,5.9,7.708333333,8.453333333,5.0,7.192,-1
9.5,9.6,7.52,8.3,8.958333333,9.676666667,10.0,9.103366667,0
5.1,7.1,7.52,5.5,7.708333333,8.223333333,5.0,6.6858,-1
0.0,9.9,6.26,8.0,8.75,9.84,10.0,8.049,0
0.0,9.3,6.89,6.9,7.291666667,8.616666667,10.0,7.3715,0
6.9,7.5,6.26,5.4,6.458333333,7.223333333,10.0,6.9883,0
7.9,8.5,3.77,6.8,8.333333333,8.45,5.0,7.242133333,-1
7.3,8.9,7.52,5.3,7.083333333,7.113333333,5.0,6.9565,-1
9.5,8.0,7.52,3.0,7.083333333,7.786666667,5.0,6.667866667,-2
10.0,9.5,7.52,7.3,7.291666667,7.446666667,5.0,7.8307,-2
0.0,7.7,6.89,6.5,7.5,7.836666667,10.0,6.846333333,0
9.0,9.2,4.39,6.5,7.291666667,7.613333333,5.0,7.231033333,-1
8.5,7.2,7.52,4.8,5.833333333,7.613333333,5.0,6.5982,-1
9.0,9.1,7.52,8.6,8.333333333,8.563333333,5.0,8.2282,-1
6.3,8.0,7.52,6.6,7.5,7.613333333,5.0,7.069766667,-1
0.0,8.9,2.52,7.0,7.708333333,7.78,10.0,6.748833333,0
7.5,4.7,2.52,3.4,6.875,7.613333333,5.0,5.322366667,-1
0.0,6.6,5.02,6.8,5.833333333,6.783333333,5.0,5.612,-1
8.0,8.4,7.52,4.7,7.291666667,7.78,5.0,6.947366667,-2
4.7,7.9,7.52,4.0,6.666666667,6.95,10.0,6.655366667,0
9.0,7.1,3.77,9.0,7.708333333,8.116666667,10.0,7.891366667,0
6.8,8.4,7.52,6.2,6.875,7.503333333,5.0,7.043666667,-1
8.5,9.9,5.02,6.9,8.125,9.01,10.0,8.3167,0
9.5,7.3,5.02,3.5,7.916666667,7.503333333,5.0,6.404533333,-1
0.0,9.2,6.27,7.8,7.916666667,7.503333333,10.0,7.309333333,0
8.5,8.4,7.52,7.3,7.708333333,7.503333333,10.0,8.0037,0
7.9,9.9,5.02,9.1,8.75,9.286666667,5.0,8.316133333,-1
10.0,6.3,6.27,5.8,7.916666667,7.503333333,5.0,6.829533333,-1
9.5,10.0,6.27,6.5,8.541666667,9.343333333,10.0,8.600033333,0
8.0,9.7,3.76,6.8,7.916666667,7.56,10.0,7.769866667,0
0.0,9.2,5.02,6.2,8.125,7.95,5.0,6.4745,-2
0.0,6.4,6.27,7.0,7.916666667,6.78,5.0,5.954666667,-1
10.0,8.9,7.52,8.4,8.958333333,8.783333333,5.0,8.3547,-1
8.5,9.5,4.39,8.9,9.375,9.896666667,5.0,8.386033333,-2
0.0,9.4,7.52,7.2,8.125,7.896666667,10.0,7.453833333,0
9.0,9.3,3.77,6.5,8.75,8.836666667,5.0,7.579533333,-1
0.0,8.2,3.77,9.3,8.75,7.95,10.0,7.332,0
6.8,8.1,2.52,6.6,8.333333333,7.723333333,5.0,6.7351,-1
0.0,9.8,6.27,7.9,9.166666667,9.06,5.0,7.385666667,-1
0.0,8.3,4.39,9.9,9.583333333,9.953333333,5.0,7.518,-1
7.4,9.9,7.52,8.3,9.166666667,8.896666667,5.0,8.3198,-1
0.0,8.9,7.52,7.3,8.541666667,7.173333333,5.0,6.780833333,-1
8.5,10.0,7.52,8.2,8.75,8.73,5.0,8.3532,-1
10.0,5.6,7.52,5.9,8.541666667,7.503333333,5.0,6.897033333,-1
7.3,7.9,3.77,7.4,8.541666667,8.616666667,5.0,7.2379,-1
4.7,9.1,5.64,7.4,8.333333333,8.563333333,10.0,7.8768,0
1.7,8.1,6.27,7.2,8.541666667,7.286666667,5.0,6.6552,-1
9.5,9.8,6.27,6.5,9.375,9.843333333,10.0,8.743366667,0
9.0,9.2,6.27,9.3,9.166666667,8.566666667,5.0,8.3472,-1
8.5,9.1,5.64,5.3,8.125,7.79,10.0,7.6647,0
4.7,8.7,7.52,7.3,7.708333333,7.62,10.0,7.703533333,0
8.0,8.8,6.89,8.4,8.541666667,8.176666667,5.0,7.9087,-1
9.0,8.8,7.52,5.9,7.708333333,7.113333333,5.0,7.2757,-1
7.4,8.1,6.27,6.3,8.125,7.62,10.0,7.5853,0
9.0,10.0,7.52,10.0,8.541666667,8.343333333,10.0,9.175033333,0
9.5,9.2,6.27,6.5,8.75,9.173333333,10.0,8.416866667,0
9.5,9.5,7.52,6.1,7.916666667,9.173333333,10.0,8.438533333,0
8.0,9.6,2.52,7.8,8.958333333,9.673333333,10.0,8.3527,0
6.8,7.6,6.27,6.7,7.291666667,6.72,5.0,6.733566667,-1
8.5,8.8,6.27,7.8,7.291666667,8.45,5.0,7.716366667,-1
9.0,8.5,6.27,6.9,5.833333333,7.333333333,5.0,7.1472,-1
6.2,9.2,3.77,7.6,7.916666667,8.95,10.0,7.935466667,0
10.0,9.6,7.52,8.1,8.75,9.51,5.0,8.5592,-1
9.5,9.1,7.52,7.1,8.541666667,9.62,10.0,8.720366667,0
9.0,6.9,6.89,5.2,7.083333333,7.836666667,5.0,6.774866667,-1
0.0,7.8,7.52,4.4,6.666666667,6.106666667,5.0,5.57,-1
0.0,7.0,7.52,3.3,6.666666667,5.55,5.0,5.078666667,-1
8.0,8.7,6.89,3.4,7.083333333,7.45,5.0,6.607533333,-1
8.5,7.8,7.52,5.0,7.708333333,7.06,10.0,7.345033333,0
9.5,8.7,7.52,7.0,8.958333333,9.343333333,10.0,8.6067,0
9.5,6.4,7.52,5.3,6.875,6.216666667,5.0,6.463033333,-1
9.6,9.4,3.14,8.2,9.0625,9.76,10.0,8.65075,0
8.8,9.4,7.52,6.4,8.59375,8.9225,10.0,8.437641667,0
8.8,7.0,6.26,5.3,7.5,6.2075,5.0,6.445933333,-2
9.6,7.2,6.89,3.3,6.71875,5.8275,5.0,6.084875,-2
9.2,8.4,8.76,6.8,8.28125,9.175,5.0,8.002591667,-1
9.2,7.6,7.51,8.5,7.96875,8.505,5.0,7.892341667,-1
0.0,9.4,5.02,8.0,8.28125,8.0025,10.0,7.410625,0
9.2,8.1,6.26,7.2,7.96875,7.17,10.0,7.840341667,0
0.0,9.5,4.39,7.8,8.59375,8.63,10.0,7.484375,1
9.6,8.8,6.26,3.7,7.1875,6.965,5.0,6.689583333,-1
9.6,8.6,2.52,5.2,7.03125,6.7975,10.0,7.039791667,0
9.6,7.5,5.63,6.9,8.28125,7.4625,10.0,7.722125,0
0.0,8.5,7.52,7.2,8.28125,7.5425,10.0,7.221958333,0
9.2,7.2,6.26,5.7,7.65625,6.9225,5.0,6.779591667,-2
8.3,8.3,6.26,6.7,7.1875,7.0075,5.0,7.072983333,-1
8.8,6.8,6.26,4.6,8.125,7.1725,5.0,6.534766667,-1
0.0,7.5,6.89,5.1,7.34375,7.255,5.0,5.887708333,-1
0.0,9.4,8.14,6.2,7.96875,7.84,10.0,7.305541667,1
7.9,8.6,3.77,5.7,7.5,7.2125,10.0,7.227866667,1
8.3,9.8,2.52,7.2,7.96875,8.1725,5.0,7.410108333,-1
9.2,9.8,2.52,6.7,7.96875,7.835,2.5,7.076008333,-3
7.5,9.5,2.52,8.3,7.65625,7.545,10.0,7.829958333,0
9.2,8.5,2.52,3.4,6.09375,6.5025,10.0,6.452008333,0
0.0,9.4,5.0,6.8,7.8125,7.585,5.0,6.544916667,-1
9.6,9.0,5.0,5.0,7.1875,7.38,5.0,6.959916667,-2
9.6,9.2,2.52,5.8,7.65625,8.255,10.0,7.627125,0
0.0,7.3,2.52,4.3,7.34375,7.4225,10.0,5.790875,0
8.3,9.1,7.52,6.7,8.59375,8.38,10.0,8.287441667,0
0.0,8.9,7.52,7.1,7.8125,8.255,10.0,7.377583333,0
8.8,9.9,2.52,8.4,7.8125,8.67,10.0,8.309016667,0
7.9,10.0,7.52,7.2,7.65625,8.63,5.0,7.968658333,-1
7.9,9.7,2.52,7.7,7.96875,8.795,5.0,7.586241667,-1
7.5,8.6,7.52,6.6,7.96875,8.505,5.0,7.539875,-2
7.5,9.9,2.52,6.9,7.96875,8.255,10.0,7.809875,0
7.9,9.5,2.52,5.7,7.65625,7.9575,5.0,6.934158333,-1
6.7,9.5,2.52,7.3,7.8125,7.7925,10.0,7.61835,0
6.7,8.0,2.52,5.6,4.84375,5.595,10.0,6.248741667,0
9.6,9.3,5.63,5.1,7.65625,7.67,10.0,7.701125,0
0.0,8.2,5.0,4.9,5.15625,6.545,5.0,5.444625,-2
0.0,6.4,2.52,4.5,6.71875,6.5425,5.0,4.912375,-1
0.0,9.3,5.63,8.3,7.96875,8.625,10.0,7.598208333,0
8.8,8.7,2.52,5.9,7.8125,7.7925,10.0,7.38685,0
9.2,9.2,5.63,8.0,7.5,8.2925,5.0,7.821633333,-1
8.3,9.2,2.52,5.3,7.96875,7.7925,10.0,7.340775,0
0.0,7.7,2.52,6.7,7.03125,7.34,5.0,5.796458333,-1
0.0,6.8,2.52,3.0,6.875,7.0075,5.0,4.794333333,-1
0.0,7.4,5.63,4.2,6.875,7.835,5.0,5.630833333,-2
8.8,8.3,5.63,5.4,7.65625,7.9175,10.0,7.533891667,0
9.6,7.6,5.0,4.8,7.34375,7.6275,10.0,7.205041667,0
0.0,4.5,7.52,3.8,7.5,7.1725,5.0,5.089833333,-1
10.0,7.5,7.52,4.5,7.1875,7.2975,10.0,7.337116667,0
0.0,7.5,7.52,5.1,7.03125,7.0875,10.0,6.392625,0
0.0,8.4,6.89,3.9,7.34375,6.84,5.0,5.758041667,-1
8.8,9.0,6.89,5.8,7.03125,7.505,10.0,7.734891667,0
0.0,9.4,6.26,5.2,7.5,7.1725,5.0,6.223833333,-2
9.2,8.8,3.14,6.5,7.5,7.5,10.0,7.5408,0
0.0,9.1,2.52,7.3,7.65625,7.335,10.0,6.757958333,0
9.2,8.8,6.26,5.7,7.5,7.0025,5.0,7.086633333,-1
9.2,7.0,2.52,3.3,7.03125,6.6325,5.0,5.758425,-1
9.2,9.9,7.52,6.1,7.34375,7.4175,10.0,8.080008333,0
7.9,8.8,2.52,4.8,7.34375,7.005,10.0,6.905741667,0
7.5,8.6,2.52,4.3,7.5,7.34,5.0,6.306666667,-1
7.9,7.5,2.52,3.5,7.5,7.585,10.0,6.5107,0
5.8,6.6,2.52,3.1,7.1875,7.1325,10.0,5.913883333,0
9.6,9.5,2.52,4.6,6.09375,7.17,5.0,6.567208333,-2
9.6,8.7,2.52,2.7,6.875,7.2575,10.0,6.636166667,0
6.3,8.1,2.52,6.3,8.28125,8.63,10.0,7.317791667,0
9.2,8.6,2.52,6.0,7.96875,7.9175,10.0,7.469175,0
9.6,8.4,2.52,5.4,7.65625,7.9175,5.0,6.819625,-1
9.2,5.4,2.52,4.0,7.8125,7.795,10.0,6.382383333,0
9.6,8.6,2.52,5.5,7.5,7.7525,5.0,6.824333333,-1
9.2,7.7,2.52,3.0,7.96875,7.38,5.0,6.081675,-1
7.5,9.4,2.52,8.5,7.96875,8.17,10.0,8.012875,0
0.0,7.6,7.52,5.8,7.5,8.1275,10.0,6.814166667,0
5.0,7.5,2.52,4.5,6.40625,6.5875,5.0,5.616691667,-2
6.3,9.2,3.14,5.2,7.1875,7.5425,5.0,6.552916667,-1
8.3,6.0,6.27,3.4,7.34375,6.715,5.0,5.911108333,-1
8.3,8.5,3.77,6.0,7.8125,7.7525,10.0,7.44215,0
8.8,9.2,5.0,4.9,7.5,7.71,5.0,6.993766667,-1
0.0,7.8,5.0,3.3,7.1875,6.7575,5.0,5.283583333,-1
7.9,7.0,2.52,4.1,7.34375,7.505,10.0,6.492408333,0
6.7,7.3,2.52,4.4,7.1875,7.2975,10.0,6.443616667,0
8.8,5.8,7.52,4.9,6.71875,6.0425,5.0,6.140808333,-1
6.2,9.0,7.52,6.6,7.8125,7.5425,10.0,7.779983333,0
8.8,8.9,2.52,6.2,7.03125,7.585,10.0,7.373891667,0
9.2,9.0,2.52,4.1,7.65625,7.375,5.0,6.529425,-1
0.0,9.5,7.52,6.5,7.8125,7.585,10.0,7.25025,0
7.1,8.2,7.52,3.7,7.8125,7.8325,10.0,7.18805,0
8.8,9.3,7.52,7.2,7.65625,7.75,5.0,7.749391667,-1
7.9,7.4,2.52,5.0,7.8125,7.6275,5.0,6.337116667,-1
0.0,9.0,6.27,5.0,7.96875,8.125,10.0,6.855541667,0
9.2,9.8,2.52,7.6,8.28125,8.3375,10.0,8.144425,0
5.4,9.7,7.52,7.8,8.28125,8.2125,10.0,8.257658333,0
0.0,8.9,7.52,5.2,7.65625,7.75,5.0,6.394291667,-2
8.8,10.0,2.52,8.1,8.125,8.045,10.0,8.1686,1
6.7,9.5,2.52,7.6,8.125,7.875,10.0,7.7261,0
9.2,9.9,2.52,7.3,7.8125,8.17,10.0,8.030716667,0
9.6,8.6,7.52,7.3,7.8125,7.5,5.0,7.665083333,-1
9.2,9.9,2.52,7.5,7.8125,8.3775,10.0,8.10555,0
5.4,7.6,5.0,5.0,7.65625,7.5425,5.0,6.329158333,-1
9.2,9.3,2.52,6.4,7.8125,7.75,5.0,7.146716667,-1
9.2,7.5,2.52,4.8,7.65625,7.545,10.0,6.910091667,0
9.2,9.1,5.0,7.3,7.1875,7.2925,10.0,7.880716667,0
8.8,9.0,2.52,5.2,7.8125,8.0425,5.0,6.850183333,-2
0.0,7.3,7.52,5.1,7.65625,7.05,5.0,5.914291667,-2
8.3,9.3,2.52,5.3,7.65625,7.96,10.0,7.356358333,0
8.3,9.6,7.52,4.8,7.65625,7.9175,5.0,7.307858333,-2
8.8,7.6,2.52,3.8,7.65625,7.9625,2.5,6.021891667,-3
8.8,9.9,2.52,6.4,7.8125,7.7925,10.0,7.72685,0
6.7,8.1,2.52,6.5,7.5,7.7925,10.0,7.153766667,1
7.9,8.2,2.52,4.7,7.5,8.165,10.0,7.000033333,0
8.3,9.5,2.52,7.2,7.8125,8.0425,10.0,7.821816667,0
0.0,6.8,5.0,6.3,7.96875,7.8375,5.0,5.977708333,-1
9.2,7.3,2.52,4.2,7.8125,6.88,10.0,6.632716667,0
0.0,8.8,2.52,3.5,7.65625,7.045,10.0,5.886625,0
9.2,9.4,5.0,4.8,6.71875,7.2125,5.0,6.864508333,-1
0.0,8.8,5.0,5.7,7.8125,7.835,5.0,6.241583333,-2
7.5,8.6,7.52,8.1,8.125,8.045,10.0,8.256833333,0
0.0,6.5,7.52,6.3,7.5,7.46,5.0,6.047333333,-2
8.3,9.5,7.52,6.8,7.03125,7.5025,5.0,7.549025,-2
6.7,9.3,7.52,8.3,7.1875,7.88,10.0,8.240016667,0
0.0,8.2,7.52,6.2,7.96875,7.835,10.0,6.989208333,0
7.1,7.5,2.52,7.6,7.96875,8.125,5.0,6.895508333,-1
0.0,7.5,5.0,2.6,4.6875,5.54,5.0,4.603416667,-2
0.0,7.9,5.0,4.7,6.40625,6.4575,10.0,5.958791667,1
8.8,8.9,2.52,7.2,6.875,7.6725,5.0,7.062433333,-2
7.5,9.5,5.0,6.3,7.03125,8.0025,5.0,7.213625,-1
9.6,6.9,7.52,3.8,7.1875,6.2475,5.0,6.312083333,-1
8.8,7.7,7.52,5.9,7.1875,6.5775,5.0,6.874683333,-1
7.9,8.4,5.0,8.7,8.75,8.88,5.0,7.856033333,-1
7.1,7.2,7.52,7.0,7.34375,6.8425,10.0,7.396508333,0
10.0,8.1,5.0,2.7,7.5,6.5825,5.0,6.2267,-2
9.6,9.5,2.52,8.0,8.125,9.0025,10.0,8.316833333,0
7.9,8.7,2.52,5.9,7.65625,8.42,10.0,7.406658333,0
8.3,9.4,2.52,6.5,8.125,8.17,10.0,7.718566667,1
8.3,7.8,2.52,6.7,8.59375,8.46,5.0,7.030108333,-2
9.2,9.4,2.52,8.0,8.4375,8.92,10.0,8.283216667,1
9.6,8.3,2.52,6.8,7.96875,8.2525,10.0,7.671208333,0
7.1,9.2,2.52,6.0,8.4375,8.79,10.0,7.60205,0
7.9,9.0,2.52,6.2,8.28125,8.2125,10.0,7.560991667,1
9.6,9.4,2.52,7.1,7.65625,8.71,10.0,8.024791667,0
8.3,9.8,2.52,7.2,7.96875,8.46,10.0,7.967608333,1
9.2,9.8,2.52,7.8,8.28125,8.42,10.0,8.207591667,1
7.5,9.7,2.52,6.9,7.96875,8.46,10.0,7.817541667,0
7.9,9.4,2.52,6.5,8.28125,8.3775,10.0,7.727325,0
0.0,9.7,2.52,7.8,8.125,8.4625,10.0,7.263666667,0
8.8,9.7,2.52,6.0,7.8125,8.1225,10.0,7.67285,0
8.3,8.6,2.52,5.6,8.4375,8.5025,5.0,6.96965,-1
9.2,8.7,2.52,6.8,8.90625,8.3375,5.0,7.333591667,-1
8.8,6.2,5.0,6.5,7.1875,7.3775,5.0,6.616016667,-2
7.9,9.5,7.52,7.1,8.59375,8.5025,10.0,8.430241667,1
9.6,4.5,2.52,4.3,7.5,7.17,5.0,5.661166667,-2
8.3,5.3,2.52,6.3,7.65625,7.6275,2.5,5.939858333,-3
8.8,7.9,2.52,7.1,8.28125,8.045,10.0,7.557558333,0
8.3,9.3,7.52,8.2,9.6875,9.17,10.0,8.881483333,1
10.0,9.9,2.52,7.2,8.90625,8.88,10.0,8.345491667,0
8.8,6.6,2.52,6.9,7.96875,7.7125,10.0,7.166475,0
8.8,9.3,2.52,5.7,7.96875,8.2125,5.0,7.066475,-2
8.8,4.2,2.52,4.7,7.5,7.2925,5.0,5.622266667,-2
9.6,8.1,4.38,5.0,6.875,7.17,5.0,6.631333333,-1
0.0,6.7,2.52,6.7,7.96875,7.88,5.0,5.811541667,-1
8.8,7.6,2.52,6.1,7.1875,7.5475,10.0,7.102016667,0
8.8,7.9,2.52,5.9,7.96875,8.005,5.0,6.791641667,-1
8.3,9.5,5.0,5.4,7.1875,7.7125,5.0,7.067983333,-1
8.8,8.3,2.52,4.8,7.5,7.3375,10.0,6.971266667,0
7.5,6.3,2.52,4.2,6.71875,7.2125,5.0,5.709808333,-2
9.6,7.6,4.38,6.6,7.03125,7.09,5.0,6.857625,-1
7.5,8.7,2.52,5.3,6.09375,6.7575,5.0,6.269541667,-1
8.3,9.5,2.52,6.7,8.125,8.96,5.0,7.436566667,-1
0.0,7.0,5.63,4.5,6.875,7.46,5.0,5.5425,-1
7.1,6.7,2.52,4.8,6.875,6.9175,10.0,6.337966667,0
8.3,8.3,5.0,7.3,8.125,8.045,5.0,7.381566667,-2
0.0,9.9,2.52,7.5,8.75,9.545,5.0,7.016,-1
7.1,9.7,2.52,7.9,8.59375,9.3775,10.0,8.221841667,0
10.0,7.9,6.26,4.3,7.34375,7.4175,5.0,6.784075,-2
0.0,8.8,2.52,7.3,8.125,8.8325,10.0,7.044333333,1
0.0,10.0,2.52,8.1,8.75,9.5875,5.0,7.171166667,-1
8.8,9.9,4.39,6.8,8.125,8.9175,10.0,8.256766667,0
9.6,8.4,5.63,4.5,7.03125,7.0425,5.0,6.719791667,-1
0.0,8.4,5.0,7.0,8.125,7.6275,5.0,6.411333333,-2
7.5,9.1,5.0,7.5,7.8125,8.3775,10.0,8.02675,1
0.0,3.7,5.0,3.8,7.03125,6.05,5.0,4.406458333,-2
8.8,9.8,6.89,5.5,6.875,7.3825,5.0,7.281433333,-2
7.5,7.9,2.52,4.6,7.1875,7.465,5.0,6.207083333,-1
8.8,6.9,2.52,5.3,7.34375,6.715,10.0,6.644475,1
8.8,8.8,2.52,7.7,9.0625,9.005,5.0,7.641016667,-1
9.6,9.0,2.52,7.4,8.59375,8.7975,10.0,8.116041667,0
9.2,8.7,2.52,3.9,7.65625,7.75,10.0,7.011091667,0
0.0,9.2,5.0,4.2,7.34375,7.045,10.0,6.330041667,0
9.2,5.4,7.52,5.2,6.71875,6.465,10.0,6.760341667,0
0.0,7.5,5.0,4.7,8.125,7.3375,5.0,5.713333333,-1
7.5,7.2,5.0,3.7,5.0,6.26,10.0,6.175333333,0
7.9,8.7,2.52,5.8,7.96875,7.6675,5.0,6.780741667,-1
7.9,5.6,5.0,5.1,7.5,7.2125,5.0,6.1242,-2
0.0,7.8,5.0,4.1,7.1875,7.13,10.0,6.018083333,0
5.4,6.8,5.0,4.9,7.03125,7.5025,10.0,6.578558333,0
7.9,7.7,2.52,4.5,7.8125,7.71,5.0,6.30695,-2
9.2,9.0,2.52,6.6,8.75,9.1275,10.0,7.982633333,0
0.0,9.3,2.52,5.9,8.125,7.7125,5.0,6.140333333,-2
0.0,9.6,2.52,6.1,7.96875,8.005,10.0,6.796541667,0
10.0,9.5,7.52,5.7,8.59375,8.96,10.0,8.436908333,0
7.9,8.1,6.26,4.9,7.96875,7.71,5.0,6.856575,-1
7.5,9.5,5.63,7.5,7.65625,8.295,10.0,8.137625,1
9.2,9.9,7.52,5.5,8.59375,8.96,10.0,8.393508333,0
8.3,9.9,7.52,5.5,8.125,8.7525,5.0,7.7284,-1
0.0,9.8,5.63,5.6,8.75,8.3775,10.0,7.1935,1
8.8,8.6,7.52,7.1,8.90625,9.21,10.0,8.493058333,0
0.0,7.9,6.26,4.0,7.34375,7.46,5.0,5.732375,-1
8.8,10.0,6.27,8.9,8.75,9.2125,10.0,9.006266667,0
6.7,9.5,7.52,6.5,8.28125,8.7125,10.0,8.189225,0
6.3,8.5,2.52,5.5,7.03125,6.585,10.0,6.690458333,0
8.3,4.6,2.52,4.7,7.65625,7.13,2.5,5.380358333,-3
8.8,9.0,5.0,6.1,7.5,7.6675,10.0,7.671933333,1
0.0,4.8,2.52,3.9,4.21875,5.375,2.5,3.745541667,-4
9.6,9.2,5.0,7.2,8.59375,8.88,10.0,8.367208333,0
8.3,9.4,2.52,6.2,8.125,8.42,10.0,7.695233333,1
0.0,8.3,2.52,5.4,8.28125,8.0025,2.5,5.677291667,-3
7.9,8.1,2.52,6.3,8.125,7.8775,5.0,6.805033333,-2
6.7,8.3,2.52,5.3,7.96875,8.045,10.0,7.037808333,0
9.6,8.0,2.52,5.3,7.34375,7.835,5.0,6.665208333,-1
6.7,7.6,5.0,4.7,7.96875,7.5475,5.0,6.433075,-2
8.3,9.2,5.0,7.1,8.125,8.09,10.0,8.0239,1
8.8,8.6,5.63,5.7,6.5625,6.6675,5.0,6.794516667,-1
6.3,8.8,5.0,6.0,7.34375,7.4625,5.0,6.811875,-1
7.9,9.1,5.0,7.3,7.03125,7.5075,10.0,7.769658333,0
0.0,9.4,5.0,5.7,6.875,6.8375,5.0,6.068333333,-2
7.1,7.4,2.52,4.4,6.5625,6.6275,2.5,5.545383333,-3
9.2,7.7,5.0,5.8,8.125,7.835,5.0,6.989633333,-1
8.3,8.6,5.0,7.5,8.75,8.2975,10.0,8.0879,0
6.7,7.3,5.0,5.7,7.34375,7.5475,5.0,6.503908333,-1
8.3,9.6,2.52,6.5,8.28125,8.3375,10.0,7.794358333,1
7.5,8.7,5.0,6.0,7.65625,8.0875,10.0,7.566458333,1
6.7,8.1,5.0,7.4,7.96875,7.9225,5.0,7.141308333,-1
8.8,7.1,5.0,4.2,7.34375,7.215,5.0,6.319141667,-1
0.0,8.2,5.0,7.5,7.8125,8.045,10.0,7.03025,0
10.0,9.8,2.52,6.4,8.125,8.2975,10.0,7.9642,1
6.7,8.4,5.0,7.3,7.03125,7.215,5.0,6.946058333,-1
5.8,7.3,2.52,2.9,4.375,5.59,5.0,4.9308,-2
8.3,9.4,6.26,6.7,7.5,7.9625,5.0,7.515233333,-1
8.8,7.8,6.26,6.4,8.4375,8.6725,10.0,7.91935,0
0.0,6.0,3.14,5.6,7.5,7.255,5.0,5.335,-2
6.2,9.5,5.0,7.9,8.4375,8.2125,5.0,7.584483333,-1
6.7,9.1,5.0,6.2,6.875,8.0875,5.0,7.024933333,-2
9.2,9.2,5.0,4.3,7.5,7.545,5.0,6.869133333,-2
0.0,8.5,5.0,7.0,7.34375,7.5875,10.0,6.845208333,0
0.0,6.4,5.0,4.0,7.5,6.8725,10.0,5.711166667,0
0.0,7.8,7.52,7.9,8.59375,8.1725,5.0,6.892541667,-2
8.8,8.9,6.27,5.7,5.9375,7.8425,5.0,7.08435,-1
9.2,9.6,3.77,7.8,8.59375,8.7575,10.0,8.378008333,0
8.3,7.8,5.0,2.2,7.65625,6.8,5.0,5.952358333,-1
7.5,8.7,2.52,6.5,7.65625,7.715,10.0,7.350625,0
7.5,7.9,2.52,5.3,7.1875,6.505,5.0,6.168416667,-1
0.0,7.7,2.52,2.6,5.625,5.6275,2.5,4.25,-3
7.1,6.3,2.52,6.0,6.40625,6.88,5.0,5.937025,-2
0.0,5.2,2.52,4.4,6.25,6.0,10.0,4.990333333,1
7.1,7.6,7.52,3.3,7.34375,6.67,5.0,6.202008333,-1
10.0,9.6,7.52,7.7,8.59375,8.1725,10.0,8.699408333,1
8.8,9.9,5.0,7.9,7.96875,7.8375,5.0,7.806141667,-2
0.0,9.6,6.89,4.7,6.5625,6.4225,10.0,6.483083333,0
9.2,10.0,2.52,7.2,7.96875,7.8775,5.0,7.487841667,-1
7.9,8.1,5.0,4.4,7.03125,6.5875,5.0,6.318991667,-2
7.5,9.6,2.52,7.2,8.75,7.795,5.0,7.289333333,-1
9.6,8.8,2.52,6.3,7.8125,7.2125,10.0,7.45425,0
0.0,7.3,5.0,4.3,7.5,6.255,5.0,5.314333333,-2
7.5,7.2,5.0,5.2,7.1875,6.755,5.0,6.293083333,-2
8.8,8.3,2.52,5.0,8.125,7.46,5.0,6.598266667,-1
7.5,8.7,5.0,6.1,7.8125,7.2125,5.0,6.940416667,-1
9.2,9.2,6.26,5.0,7.5,7.085,2.5,6.806466667,-3
9.2,8.5,6.26,8.1,8.125,7.8775,5.0,7.757466667,-2
7.5,8.9,6.26,8.1,8.4375,7.4625,10.0,8.105583333,0
8.8,9.2,2.52,4.8,7.1875,7.085,5.0,6.569516667,-1
9.2,7.4,2.52,6.4,8.125,7.71,10.0,7.289966667,0
8.8,8.3,2.52,5.6,7.8125,7.7125,5.0,6.724183333,-2
7.1,9.9,2.52,6.8,8.59375,8.63,10.0,7.879008333,2
8.8,9.0,5.0,5.5,7.8125,7.63,10.0,7.58235,0
8.8,8.8,2.52,6.2,6.875,6.2525,10.0,7.0651,0
7.5,9.4,5.0,7.4,7.8125,7.7125,5.0,7.43375,-1
7.1,9.0,2.52,6.0,8.28125,7.545,10.0,7.297425,1
0.0,7.3,2.52,5.8,8.125,7.795,10.0,6.250166667,1
0.0,8.2,2.52,5.8,6.875,6.9625,5.0,5.638666667,-1
9.6,9.4,5.0,4.7,7.8125,8.09,5.0,7.171083333,-1
6.7,9.2,2.52,7.3,8.125,7.795,10.0,7.583433333,0
7.1,9.1,5.0,6.2,7.8125,7.7125,5.0,7.09205,-1
8.3,8.9,5.0,4.2,7.65625,7.715,5.0,6.755358333,-1
0.0,8.4,2.52,6.0,7.8125,7.715,5.0,5.95625,-2
7.5,8.2,7.52,5.9,7.96875,7.755,5.0,7.169975,-1
9.6,9.8,6.89,7.4,7.5,7.6725,10.0,8.378666667,0
6.7,9.8,6.26,6.6,7.5,7.7125,5.0,7.3651,-2
9.2,9.1,5.63,7.7,7.5,7.5875,5.0,7.600633333,-2
7.9,6.7,5.63,5.0,7.5,7.5875,5.0,6.4622,-1
7.9,8.1,3.14,7.1,7.5,7.545,5.0,6.898033333,-1
0.0,8.5,5.01,6.9,7.5,7.17,5.0,6.258333333,-2
7.1,5.6,5.0,4.1,7.5,7.1725,10.0,6.339466667,0
7.1,9.6,6.26,7.9,8.28125,8.1725,10.0,8.303591667,0
9.6,9.5,5.0,7.8,8.125,7.8,10.0,8.284333333,0
0.0,8.0,5.63,7.2,7.96875,7.755,5.0,6.450875,-1
0.0,9.7,6.26,8.1,8.4375,8.3825,10.0,7.70625,0
7.5,9.6,5.63,7.2,8.28125,8.4225,5.0,7.692291667,-2
9.6,9.0,5.63,7.9,7.5,7.795,5.0,7.7105,-2
0.0,7.7,6.26,6.7,8.28125,8.0025,5.0,6.434625,-2
5.8,6.2,5.0,7.6,7.8125,7.59,5.0,6.635883333,-1
8.3,7.0,6.26,6.2,7.96875,7.4625,10.0,7.382108333,0
6.7,9.0,6.89,8.7,8.75,8.9675,5.0,8.0641,-1
7.5,9.2,6.89,6.7,7.34375,7.9625,5.0,7.452541667,-1
6.7,8.4,6.26,7.7,7.65625,7.6275,10.0,7.797058333,0
8.3,9.9,7.52,8.3,8.75,8.59,5.0,8.3184,-1
8.3,8.4,6.89,6.3,7.96875,7.465,5.0,7.252275,-1
10.0,7.4,6.89,7.4,7.8125,7.4675,5.0,7.42395,-1
0.0,7.9,5.63,5.9,7.65625,7.38,5.0,6.064625,-1
9.6,9.4,5.63,6.7,7.1875,7.045,5.0,7.375916667,-1
9.6,8.9,7.52,6.4,7.65625,7.84,5.0,7.610791667,-1
7.5,9.2,5.0,5.3,7.5,7.1325,5.0,6.8265,-1
8.8,6.5,5.63,6.3,7.34375,7.38,10.0,7.215141667,0
0.0,9.0,5.0,6.8,7.8125,7.63,5.0,6.46725,-1
0.0,8.8,2.52,6.0,7.8125,7.6725,5.0,6.034416667,-2
7.9,8.3,5.63,4.5,7.8125,7.4225,5.0,6.68045,-1
7.5,10.0,5.63,9.3,8.125,8.385,10.0,8.6625,0
8.3,8.1,5.0,5.1,7.34375,7.465,5.0,6.700775,-1
9.2,9.1,6.26,8.7,8.0,8.09,5.0,8.027466667,-1
6.7,7.7,6.89,6.9,8.625,8.8825,10.0,7.921266667,0
7.1,10.0,5.63,6.8,6.875,6.005,5.0,7.026466667,-1
0.0,8.2,3.77,7.9,7.375,6.8775,10.0,6.716666667,0
7.9,9.4,5.63,7.8,7.75,8.1725,5.0,7.710866667,-1
0.0,9.8,6.89,7.5,8.25,8.215,10.0,7.610333333,0
8.8,9.3,5.0,9.0,6.875,7.2925,10.0,8.187766667,0
9.6,9.7,7.52,7.7,8.75,8.8825,10.0,8.835333333,0
8.3,9.4,5.0,8.0,7.125,7.6325,5.0,7.5524,-1
9.6,9.1,7.52,7.8,8.75,8.7575,10.0,8.710333333,0
